ts_unix,iteration,kem_alg,sig_alg,hello_bytes,response_bytes,kem_keygen_ms,sign_time_ms,decaps_time_ms,sender_total_ms,shared_secret_match
1771949747.1756177,1,ML-KEM-768,ML-DSA-65,8747,1649,0.5322009999986221,0.14487800001461437,0.019902000019556,1.2572989999739548,1
1771949747.1760945,2,ML-KEM-768,ML-DSA-65,8747,1649,0.021262000018396066,0.1300889999811261,0.01659399998743538,0.40166999997381936,1
1771949747.1764731,3,ML-KEM-768,ML-DSA-65,8747,1649,0.01766899998756344,0.08293799999137264,0.0157540000031986,0.33210200001576595,1
1771949747.3200903,1,ML-KEM-768,SPHINCS+-SHA2-128s-simple,12267,1649,0.01799999995455437,125.15318700002354,0.01952499997059931,143.55970900004422,1
1771949747.4632847,2,ML-KEM-768,SPHINCS+-SHA2-128s-simple,12267,1649,0.024008000025332876,125.80384799997546,0.019771000040691433,143.10942499997736,1
1771949747.6160462,3,ML-KEM-768,SPHINCS+-SHA2-128s-simple,12267,1649,0.02270500004897258,135.46341200003553,0.021242000002530403,152.68444599996656,1
