ts_unix,iteration,kem_alg,sig_alg,hello_bytes,response_bytes,verify_time_ms,verify_ok,encaps_time_ms,receiver_total_ms
1771949747.175619,1,ML-KEM-768,ML-DSA-65,8747,1649,0.049782000019149564,1,0.041563000024780195,0.16928700000562458
1771949747.1760967,2,ML-KEM-768,ML-DSA-65,8747,1649,0.04380500001843757,1,0.016738999988774594,0.10660700002063095
1771949747.1764736,3,ML-KEM-768,ML-DSA-65,8747,1649,0.04268899999715359,1,0.01576400001113143,0.1020870000161267
1771949747.3200915,1,ML-KEM-768,SPHINCS+-SHA2-128s-simple,12267,1649,0.18718199999057106,1,0.043649999952322105,0.31870000003664245
1771949747.463286,2,ML-KEM-768,SPHINCS+-SHA2-128s-simple,12267,1649,0.1945760000126029,1,0.03424300001597658,0.30624700002590544
1771949747.6160474,3,ML-KEM-768,SPHINCS+-SHA2-128s-simple,12267,1649,0.19642699999167235,1,0.04960799998343646,0.3426029999786806
